uid,tusername,rank,nodes,ways,relations,areas_way,areas_rel,lastedit
893327,mcheckimport,2573859,1252884,157360,2963,134365,2673,1401995793
452999,DarkSwan_Import,1166154,531219,70695,618,68930,618,1401826573
454589,sabas88,356958,261324,16903,85,7321,39,1402868837
118185,albertux,178636,117733,9591,50,5231,49,1398896321
1029236,sabas-import,165930,87102,8785,147,8378,147,1400493287
89932,matchman,129434,120626,2271,1,331,0,1313522376
478872,mcheck,106251,56982,7402,337,3954,51,1391592913
357986,Gianluca Saba,99352,52639,5898,1,4834,1,1387008048
337594,Catner,86683,66616,4555,2,1064,0,1370826731
576484,fabio virdis,72399,50460,2854,33,2147,33,1396549394
1327268,SalvatoreN,72270,42696,4235,1,2810,0,1383040036
35407,gigu,61907,57419,1372,10,47,0,1402922811
1797163,brandwaechter,58418,53828,1178,0,176,0,1389658246
607510,simone_girardelli,54487,48760,1837,0,36,0,1388687161
513221,_fabian_,53280,45066,1837,53,369,2,1388079617
1228342,CDaniela,52599,20919,3540,4,3500,4,1398619235
16881,ulil,51788,41471,1611,0,914,0,1309447692
223763,Patrick Bous,49768,41146,2420,2,224,0,1400250438
1096017,Fabiano Peddis,49730,21431,5178,11,2109,2,1400165756
512392,Basik71,48287,36050,3435,6,312,1,1399984647
560497,GiusoDazzi,45371,38345,2225,1,57,0,1325111958
961387,trekker48,42833,33527,1558,0,772,0,1400508153
497881,wimvandorst,41994,24900,2686,0,1506,0,1343682663
354284,sbiribizio,40776,34647,1518,5,254,1,1402382141
79682,Flaminius,40627,19903,2776,0,2066,0,1354216090
361003,Cascafico,37847,16988,2827,2,2060,0,1386150420
97922,damjang,37806,27342,2771,15,333,3,1399146444
24126,dforsi,37727,23264,2552,3,1129,1,1398792916
155936,palimpadum,35431,31537,1066,0,116,0,1382544186
226150,hotelsierra,34129,19810,1979,6,1382,6,1365422874
12448,Hartmut Holzgraefe,33430,19291,2005,0,1354,0,1386157077
42918,sco,33342,27162,1290,8,365,8,1399167030
35456,Signor_g,31249,27712,1115,0,32,0,1329356906
113316,Andria Tzedda,30889,17263,1823,7,1342,7,1401807538
156825,noromance,30284,24299,1121,4,429,2,1403075899
1842565,taz_atz_zat,29525,24998,1298,1,103,1,1399127753
35560,HeikoE,27290,19577,1779,184,120,0,1342446049
559935,EdAllen,27137,19862,1344,1,538,1,1402728540
903739,Nocch,25597,21772,603,4,329,1,1402418751
71261,David Paleino,24304,23974,106,0,2,0,1332091931
1892020,brgr,23312,12899,1489,18,947,17,1403009023
37693,Heinz,22118,16208,968,0,501,0,1334526144
1700,Diego Guidotti,21043,19582,463,0,12,0,1394146172
985046,sa_sa,19149,8820,1243,0,1100,0,1361028264
160229,Rattorosso,18960,14727,1299,18,29,0,1387631904
1164,dmgroom,17382,12690,1319,1,121,0,1225796311
112512,melkart,15592,9100,778,0,693,0,1396027805
62236,Paulchen Panther,14988,11466,906,2,130,1,1391789951
32744,Thomas Wagner,14969,13961,314,0,11,0,1349286619
1228339,Davide Massidda,13519,4744,1049,2,933,2,1398009543
124788,Maccy,13446,13074,124,0,0,0,1287498029
109705,gscholz,12650,10178,602,0,111,0,1347699809
562178,sirb75,12520,6790,942,0,484,0,1398754450
7464,Odiug,12403,8908,527,0,319,0,1385549879
1775455,l2212,11506,2920,519,303,415,302,1402851636
948189,francesco56,11328,8985,361,0,210,0,1388434235
340764,Jemp,11207,4637,774,0,708,0,1389431768
110076,GPS-Marco,11067,9558,347,4,72,0,1343476463
287306,Matthias Frank,10951,8206,883,4,10,0,1402345177
73209,Bernd68,9725,9716,3,0,0,0,1248603677
1987,niubii,9512,6848,503,1,191,0,1384949288
2058778,Andrea L,9274,5299,643,6,329,3,1403087170
224342,mircozorzo,9034,8620,118,0,10,0,1378241302
70161,ligamaister,9003,8451,144,0,20,0,1331917760
113023,glaucos,8776,8404,107,1,6,1,1334304115
79254,IlSinnaese,8691,7323,380,0,38,0,1307263889
872055,Gufo Niro,8570,5465,674,3,173,3,1349092881
628487,dmeloni,8355,5283,954,4,29,0,1338558030
123364,Tronikon,8283,6345,446,0,100,0,1338758488
599429,randomguy666,8272,6955,331,2,49,2,1382205458
196617,venerdi,7849,5209,451,1,213,0,1402984974
185204,gilbomorris,7693,7000,213,0,9,0,1306395091
80088,FedericoCozzi,7482,7032,114,0,18,0,1311368360
1244499,Giuseppe Putzolu,7458,6588,244,0,23,0,1367954172
275822,difuori,7351,6592,209,0,22,0,1367166005
449569,Nautic,6874,4927,359,0,145,0,1388484757
69628,vsandre,6832,4474,346,0,220,0,1385237849
428160,Cirano80,6689,2834,431,0,427,0,1342702677
1036543,RobyMei,6668,3380,602,2,244,0,1376994929
69397,japa-fi,6618,4350,591,3,76,2,1379434187
6096,Geody,6357,5580,255,0,2,0,1308921006
55878,LST,6329,5597,146,0,49,0,1338935720
544675,Obelixx,6005,5849,36,0,8,0,1359574170
65798,Mich74,5929,2257,411,1,404,1,1385283818
88604,Hynz,5852,5642,64,0,3,0,1278435920
461682,Griphon,5784,4107,363,0,98,0,1385469396
202187,mikalaari,5742,4821,199,4,45,3,1401618381
37259,SteveVG,5682,3786,369,29,88,0,1384954191
557035,Baldorider,5374,3133,301,0,223,0,1376123582
663624,delporc,5330,4433,163,0,68,0,1387227448
541879,Kairok,5273,3098,493,2,113,0,1399913809
118455,fraq42,5219,2900,363,0,205,0,1378812389
864,Niccolo,5179,5107,24,0,0,0,1242746185
26139,dieterdreist,5172,3135,340,9,155,1,1389972778
1241581,frammm,5143,3013,437,5,124,5,1398169597
194751,Goffredo,4959,2472,448,31,144,0,1384995632
47882,Javier Sanchez,4881,4194,82,31,27,0,1345156534
922652,skipper51,4728,4617,33,0,2,0,1391542091
482167,GerGel,4686,1995,411,0,243,0,1378389821
937713,dagide,4590,2880,298,0,136,0,1373715950
1861493,brigan74,4540,2170,574,2,105,0,1395847817
1806004,Francesca F,4101,1374,303,0,303,0,1386774791
57872,ptityeti,3901,3646,85,0,0,0,1390168765
944876,jabecker,3876,2598,162,0,132,0,1402155411
39310,ktmrobert,3807,3780,9,0,0,0,1227377896
177015,Suidakra,3733,3646,29,0,0,0,1294351088
412390,MrWebber,3600,3057,177,0,2,0,1370890177
367681,humbach,3518,1610,258,0,189,0,1397685216
209668,Tizianos,3450,2829,181,0,13,0,1385255036
68842,noperante,3411,1236,653,0,36,0,1390141914
56501,Rudolf_H,3375,2889,122,0,20,0,1361926597
817803,marchixeddu,3329,2312,137,0,101,0,1346598934
90780,Verdy_p,3173,920,585,24,44,3,1394946769
746101,anderfo,3172,2575,177,6,2,0,1402268145
117689,foxandpotatoes,3153,2433,208,2,13,0,1398521603
1294780,srad,3145,2737,112,0,12,0,1365976985
1476146,Alecs01,3058,1075,345,12,140,0,1401634261
9353,Schäuble Michele,3027,2823,52,0,8,0,1278708276
24966,alessioz,3025,2878,40,1,2,1,1309189249
330450,SkyOne,3018,1881,163,0,108,0,1384959297
82866,Hagebutte,2921,2636,69,0,13,0,1309626308
115612,tyr_asd,2919,1662,206,1,104,1,1386008038
45180,g0ldfish,2791,2542,72,1,4,0,1378310339
1856709,Alessandro Merella,2747,1637,353,1,7,0,1396996164
342705,KonB,2711,2147,138,0,25,0,1330038883
513851,djeu_fd,2672,1301,251,0,103,0,1377007511
92408,kilt,2587,2002,119,0,38,0,1333006753
1436933,tanieiz,2566,1480,137,1,110,1,1369682752
1994712,Pinguigi,2551,2134,93,0,23,0,1397230292
89271,estela,2519,1871,156,0,30,0,1249947240
15891,farlokko,2495,1790,153,0,41,0,1342536944
1947948,Sebino73,2480,2294,60,0,1,0,1399979762
1005013,Gigius911,2452,1921,175,0,1,0,1351438700
2318,Latze,2439,1458,109,0,109,0,1340964102
160560,gunnar1m,2411,1259,274,0,55,0,1366990367
3062,wollschaf,2398,2320,26,0,0,0,1307566980
1918184,Davide D,2396,1034,230,0,112,0,1391697834
534156,Pierpaz,2364,1494,220,0,35,0,1333991590
74437,Mike FABIAN,2330,1640,110,0,60,0,1327100882
113669,AnyFile,2274,1167,128,43,56,0,1396301247
109925,WanMil,2247,1401,236,10,7,1,1356809670
1311287,JosClag,2243,2120,33,0,4,0,1372517433
285692,halfd,2236,967,183,0,120,0,1386343327
48400,ultramoto,2159,2120,13,0,0,0,1245148690
271307,Tavernsenses,2154,1653,113,2,22,2,1389251147
1817336,kiro68,2145,1653,144,0,10,0,1398426561
131835,DarkFlash,2117,1835,28,6,18,6,1328555952
90746,sport_rob,2112,1218,158,0,70,0,1370684272
542300,Ircama,2108,1421,110,1,57,1,1373921841
48185,Hans Loderer,2042,1694,82,0,17,0,1369564277
1717520,steo1971,2032,1933,33,0,0,0,1377695054
322785,BCNorwich,2008,331,250,9,132,9,1400092939
51179,Samuele Battarra,1999,1396,153,0,24,0,1385156243
1950651,sagredo,1941,1806,45,0,0,0,1398875366
38255,BearT,1936,1603,80,1,14,0,1378275770
70280,Dong Huan,1917,1854,13,0,4,0,1282601905
244838,Cinna,1895,1697,50,0,8,0,1322153234
211154,ËdzëronK,1865,374,209,2,139,2,1377721962
175149,gutrun,1835,1655,60,0,0,0,1262612410
25132,s141739,1823,629,388,0,5,0,1377444034
1211510,arcanma,1801,1513,37,19,1,0,1385232391
171274,FelixSchwarz,1793,845,114,0,101,0,1342986211
1206416,marceMTB,1780,1744,12,0,0,0,1384870388
74746,vogelfreier,1762,1237,99,0,38,0,1390858316
38536,bruno giovanni,1701,1401,92,0,4,0,1311717092
536199,ameyer3000,1648,1321,91,0,9,0,1371153588
719593,Carlozz,1627,1249,48,0,39,0,1397738093
626343,Zopieux,1616,1244,100,0,12,0,1344883715
127903,Mike Lehmann,1562,1265,76,7,1,0,1347645182
1810058,geomichele,1551,903,126,0,45,0,1385309912
645593,Viking81,1440,741,103,0,65,0,1385077778
1843978,meteosettimosp,1420,526,208,0,45,0,1388082664
77109,eknus,1399,1090,51,0,26,0,1386885330
161619,FvGordon,1390,598,101,41,17,3,1401740829
192395,BBO,1383,0,455,0,3,0,1331213923
206037,hurdygurdyman,1381,970,103,0,17,0,1342691415
29271,Rainer Hoerbe,1379,1217,34,0,10,0,1313188780
69736,Vincenzo,1353,873,88,0,36,0,1385649857
12514,ilveroluca,1340,986,114,0,2,0,1361267891
217070,Davio,1296,111,390,1,1,0,1399834750
1813458,Masare2,1281,576,88,1,71,1,1385071977
200245,docschenk,1278,969,93,0,5,0,1354570380
626549,CristianCantoro,1276,1132,30,0,9,0,1385255939
1831991,kimbosauro,1258,472,229,1,15,0,1398821291
817066,Urubko1,1227,1152,25,0,0,0,1377283947
1269770,MickyInTheSky,1213,799,51,1,41,1,1379845937
205254,Garminius,1212,993,46,1,11,1,1379881012
1986019,DiBiMedia,1123,670,143,0,4,0,1394991892
243831,Cadfael,1099,976,37,0,2,0,1311680589
45172,alaverde,1079,959,40,0,0,0,1349049032
1861262,Utente 11,1053,507,144,0,19,0,1390389870
429539,Cristian1989,1039,691,76,0,20,0,1361210912
1580969,C-P-M,1028,626,80,0,27,0,1378652903
418472,paneb,1026,984,6,0,4,0,1299938223
185843,ancucchi,1016,698,80,0,13,0,1327348320
122327,werthtobi,960,858,34,0,0,0,1386286160
388649,Luuuddooo,925,511,98,0,20,0,1371301240
587912,Davideddu,916,895,7,0,0,0,1361228351
139435,Haack70,909,876,11,0,0,0,1268503012
238168,mtozzi,892,751,39,0,4,0,1285316198
978113,marta-pili1985,888,534,88,0,15,0,1357729787
319295,s_bruegg,885,858,9,0,0,0,1287852829
132344,michelh,869,854,5,0,0,0,1279656391
45027,PA94,868,73,89,0,88,0,1331654950
175551,coso,867,507,102,0,9,0,1385220213
1951726,fudaz,851,176,214,3,1,0,1395406505
1189062,csmggl,847,364,67,0,47,0,1399806157
82241,terrencem,841,634,59,0,5,0,1335548968
346869,maiwolf,838,730,20,0,8,0,1343383874
1220229,Francyep,816,378,94,0,26,0,1363124809
1012699,Tore87,797,662,37,0,4,0,1357155490
1811663,lollops,796,562,44,0,17,0,1392369446
316232,Marsman,787,238,61,0,61,0,1291213037
1807255,rossella c,786,330,52,0,50,0,1385050749
70998,RPoenisch,775,727,14,0,1,0,1334895990
579545,Aury88,768,585,53,0,4,0,1393953092
137,simone,767,566,39,0,14,0,1401709813
612325,Wim RM Dekeyser,765,606,25,0,14,0,1389443001
323641,GeofixFe,756,639,21,0,9,0,1390061742
1272712,kaki007,736,631,33,0,1,0,1388939868
1420956,DimerG,734,431,59,0,21,0,1382953693
69259,DnaX,721,481,70,0,5,0,1374929942
15480,labelche,718,715,1,0,0,0,1231529111
1051748,Sgna,715,364,78,3,12,3,1379642815
1054945,annazanchetta,715,325,49,1,38,1,1386752109
1475114,cibboy,709,451,54,0,16,0,1380711511
355405,zomiz,703,607,20,0,6,0,1320969591
152676,pfranz,701,614,29,0,0,0,1293814775
1783552,lucaspanu,698,383,65,0,20,0,1382556272
1065211,alexbit,697,355,38,0,38,0,1385556221
485128,schdenis,688,424,42,0,23,0,1339618343
1806050,mfortini,681,288,53,0,39,0,1385040130
356438,Alex10,665,491,52,0,3,0,1394917961
1411380,TimoLinow,654,555,31,0,1,0,1371836034
624478,Franco61,647,383,84,0,2,0,1332060535
24143,Paolo Molaro,640,457,61,0,0,0,1251739521
328134,30x26,635,620,5,0,0,0,1341168533
519501,parukhin,607,121,111,1,23,1,1398700084
125687,tubeli,600,600,0,0,0,0,1276340003
788014,LLlypuk82,596,251,39,0,38,0,1379944804
42033,Tbj,592,379,69,0,1,0,1253892128
1352904,street0501,586,433,17,0,17,0,1366142614
92030,joku68,579,453,38,0,2,0,1383315073
978109,fedefede,574,508,8,0,7,0,1355148158
655382,pelatom,565,520,15,0,0,0,1384859203
176212,marco69,559,514,9,0,3,0,1345229185
574713,schrammi1967,557,362,35,0,15,0,1325244257
53936,elsaxo,554,440,32,0,3,0,1344597850
1806453,feli_caxa,551,323,76,0,0,0,1384958852
633286,VladaK,542,329,31,0,20,0,1347307892
352762,dargaud,538,463,25,0,0,0,1352998546
911086,ulver80,537,333,56,0,6,0,1356644225
308,MichaelCollinson,531,375,22,0,15,0,1390640663
104127,dibu10,525,432,31,0,0,0,1284563600
177686,Cho,522,459,11,0,5,0,1325845265
1026265,Andrea Branca,518,266,34,0,25,0,1353331204
1795953,AZonzo,518,302,46,0,13,0,1386177200
78730,tippeltappel,518,488,8,0,1,0,1299019820
565471,bebbi,513,486,9,0,0,0,1357135920
1212637,gabriele90,509,410,19,0,7,0,1359484753
520871,joersch,502,391,23,0,7,0,1330370189
914732,Melonierto,499,418,22,1,1,0,1348914985
416000,Ostia,499,157,38,0,38,0,1352744668
129061,Singvogel,493,325,42,0,7,0,1331459854
137817,carlitos82,490,412,24,0,1,0,1369466772
430123,sibio,483,423,20,0,0,0,1302207064
554973,dgitto,476,251,63,0,6,0,1402922483
531365,jdieckow,469,262,59,0,5,0,1342389877
107211,BoncatLogger,461,458,1,0,0,0,1243192803
323702,ybon,459,447,4,0,0,0,1392923433
127999,kaihs,448,208,43,3,14,0,1335801307
29717,eumiro,443,197,74,0,4,0,1401912479
1293386,Sal73x,440,212,36,0,20,0,1402960598
322076,hans_hans,439,250,49,0,7,0,1367912502
1931823,johk,438,246,28,0,18,0,1392237877
130691,StefanoCudini,437,242,33,0,16,0,1378925351
173791,bubeck,424,253,31,0,13,0,1378153408
1860406,francesco747,419,146,31,0,30,0,1392048492
1805101,MapMaker23,409,160,29,0,27,0,1386289413
198522,abrondi,409,388,7,0,0,0,1373637915
1723189,FranciM,408,165,45,0,18,0,1378144256
764035,bernolozzo,408,381,9,0,0,0,1343661243
351993,sergeybe,406,331,23,0,1,0,1377618858
35880,lovertux,404,404,0,0,0,0,1210527180
63846,EdVanStrom,396,396,0,0,0,0,1223461960
58127,Michael-EF,395,365,6,0,2,0,1256246669
36834,Sigurd Gartmann,388,385,1,0,0,0,1250634282
1772091,Dario Secci,387,234,47,0,2,0,1401294860
20103,I like cats,385,292,31,0,0,0,1253447520
41098,Cyclop,384,384,0,0,0,0,1223161393
656522,jojokant,381,303,22,0,2,0,1398264812
187991,wolfkil,379,358,7,0,0,0,1351817343
210168,ottl,378,201,29,0,15,0,1354142172
1955455,Davide Berra,374,86,88,2,1,0,1398246089
1234549,docpuddu,372,213,21,0,16,0,1399798557
303581,BC60,371,368,1,0,0,0,1316291787
1279506,thibdrev,369,27,85,9,1,0,1390308314
1069176,landfahrer,364,34,39,7,19,6,1401445386
137160,xyzlr,364,349,5,0,0,0,1304248776
98316,cyflo,363,294,23,0,0,0,1384957918
1037356,nityakama,362,176,42,0,10,0,1374587825
107257,FrViPofm,361,1,39,1,38,1,1399747306
1785282,Maxmor,355,130,25,0,25,0,1385804558
149424,ice-c,349,202,21,0,14,0,1364231550
878485,Tracker_Tomas,348,333,5,0,0,0,1379178088
22384,GrumpyLump,343,172,19,0,19,0,1228832692
1813900,Prugno,339,141,28,0,19,0,1386458584
693666,andrex84x,336,276,20,0,0,0,1339143557
420595,klaus99,334,298,12,0,0,0,1339959371
29819,furban,326,176,22,0,14,0,1346326107
269173,bogomolje,325,295,10,0,0,0,1284223702
301486,occam11,324,312,4,0,0,0,1305042280
978106,CRoggio,321,126,61,0,2,0,1352669304
34023,ruena,320,290,10,0,0,0,1256845938
136668,Spiridillo,319,70,79,0,2,0,1370940878
1136744,cinzia81,317,26,97,0,0,0,1363716079
36334,jmeyerdo,316,298,6,0,0,0,1251487859
1213976,lucapo,315,198,17,0,11,0,1359908182
1556391,relet,307,247,16,0,2,0,1385047608
691314,H@mlet,304,145,41,0,6,0,1401897846
524706,FSe,303,258,11,0,2,0,1318189855
305001,voschix,296,233,19,0,1,0,1399717094
711403,recmar,296,185,21,0,8,0,1345276415
15850,Qui-Gon,284,245,13,0,0,0,1306748339
131865,aquacoach,283,226,13,0,3,0,1339098652
583373,Drazhar,281,188,25,0,3,0,1392476111
56779,Open Scouter,281,275,2,0,0,0,1226136617
149638,dachs,281,248,11,0,0,0,1279227168
29188,Dch,278,275,1,0,0,0,1251971986
233248,zors1843,278,131,45,0,2,0,1372835220
33663,grifo,275,248,9,0,0,0,1225557624
33326,LocalMapper,273,273,0,0,0,0,1223573707
47802,gomatteo,270,225,6,1,2,1,1360354974
100055,Skyro,267,267,0,0,0,0,1336292640
220835,lakic,265,217,12,0,2,0,1351358298
593205,msdess,264,117,19,0,15,0,1386047790
315015,WernerP,253,244,1,0,1,0,1317977426
357465,tofli,252,234,6,0,0,0,1336323817
1817477,andria_import,252,87,21,0,17,0,1385323370
430921,sardylan,250,211,11,0,1,0,1367760901
22290,Ale_Zena_IT,245,221,8,0,0,0,1399725852
990006,30010316,243,87,50,0,1,0,1359570504
44221,dcp,241,73,20,2,13,2,1356357889
1287288,coremimo,241,193,12,0,2,0,1394007668
1863469,Federico Sangati,237,75,18,0,18,0,1388839686
225990,muetzekoeln,235,181,14,0,2,0,1353101355
284172,editor20,234,219,5,0,0,0,1369582505
200056,Simploni,227,224,1,0,0,0,1285787963
202829,stone005,227,221,2,0,0,0,1320159387
33576,el Capitán,223,223,0,0,0,0,1275133218
1619792,hiaciame,223,160,15,0,3,0,1396897289
39890,AJoNee,221,209,2,0,1,0,1350119646
978118,FMusa,216,54,50,0,2,0,1355335552
23491,oryx,216,213,1,0,0,0,1287428810
1276210,Nando Canu,215,83,44,0,0,0,1364151542
523098,StefanMTB,213,204,3,0,0,0,1347436751
1198074,DoubleA,212,8,68,0,0,0,1389040176
128186,malcolmh,210,120,26,0,2,0,1402642024
1421199,Martin1324,208,151,11,0,4,0,1376687823
581908,Henrykus,208,19,61,0,1,0,1326186800
1180246,krsz,208,190,6,0,0,0,1357124147
977303,fair,207,78,19,2,7,2,1384958900
967927,Ale-B,206,197,3,0,0,0,1367236838
76035,Slimer,206,206,0,0,0,0,1274048123
1726563,andreaciclabile,205,94,32,1,1,0,1382971983
715884,hllrsr95,205,136,13,0,5,0,1341577915
7785,StefanDausR,204,189,5,0,0,0,1253133560
151374,Sembola,203,191,4,0,0,0,1272383762
27293,demi,203,149,12,0,3,0,1255886902
37791,Fradeve11,201,195,2,0,0,0,1261914008
1075559,cachbrens,201,144,7,0,6,0,1386946597
1464202,Enrico Cacciotto,198,21,57,0,1,0,1368975002
278472,Artax,194,167,9,0,0,0,1400319377
140361,Ramon70,194,101,23,0,4,0,1337713321
45416,Boris Wagner,192,189,1,0,0,0,1269619779
1249205,Rudolf Mayer,191,8,20,1,18,1,1399502548
461945,poppei82,191,47,16,0,16,0,1358372030
1796074,RobertoBassu,188,65,12,1,12,1,1397646040
13203,bahnpirat,188,188,0,0,0,0,1229424980
1016893,Salva Soddu,185,86,19,0,7,0,1354612424
22110,ilrobi,185,161,6,0,1,0,1385147756
95387,rugamarcus,183,105,16,0,5,0,1375389556
1228346,BarbaraCabiddu,183,102,9,0,9,0,1361297609
722137,OSMF Redaction Account,182,59,39,0,1,0,1342399768
527535,Constable,181,118,10,1,3,1,1393497569
1138956,DanielaS,180,174,2,0,0,0,1355603466
810523,Trenomarcus,178,91,29,0,0,0,1401147347
941348,viscardos,174,162,2,0,1,0,1377552059
336460,robgeb,173,164,1,0,1,0,1312228583
82083,petr_balicek,171,30,24,3,4,3,1400786774
117595,E S,169,70,13,0,10,0,1387986857
78656,Walter Schlögl,166,7,19,0,17,0,1366143446
2010494,Sherden Italia,165,147,4,0,1,0,1399820764
188477,lerks,165,0,26,3,7,3,1338835418
72235,Basstoelpel,163,67,16,0,8,0,1327526885
162193,BjarneOP,163,139,8,0,0,0,1373832394
3094,Epsilon,163,163,0,0,0,0,1153062053
15302,hwi,162,87,11,0,7,0,1380794568
224887,Alessio Dessi,162,147,5,0,0,0,1334586124
161069,tymonw,159,90,13,0,5,0,1372871307
537862,hamsterfidel,158,140,6,0,0,0,1318631530
374661,YuraH,157,109,6,0,5,0,1340282642
105837,bot47,157,103,18,0,0,0,1301068032
209938,k_zoltan,156,138,6,0,0,0,1389954222
333972,big-hansi,147,132,5,0,0,0,1348781977
286930,Volker Löchte,147,135,4,0,0,0,1365372276
1285171,ciaccaru,146,122,8,0,0,0,1365799426
21029,kaeru,145,91,12,0,3,0,1401895206
1782031,lucas68,145,139,2,0,0,0,1382460470
6168,LHCarsten,144,90,18,0,0,0,1252867245
1980416,olikami,144,87,9,0,5,0,1396399691
454306,dega180,143,110,5,0,3,0,1392560274
332316,Ti-one,141,102,13,0,0,0,1287494710
80863,Alepoz,139,139,0,0,0,0,1288791907
96685,bellazambo,138,111,7,0,1,0,1309470606
281328,badger123,138,135,1,0,0,0,1274713411
1414109,Frozzo,137,128,3,0,0,0,1367598914
1738065,Dax89,135,30,31,0,2,0,1378640042
139742,doomi,134,134,0,0,0,0,1262536767
1815484,Salak,132,54,10,0,8,0,1385175161
1732936,crazy4casteddu,131,89,14,0,0,0,1379507116
1076098,maxgazze,130,64,18,0,2,0,1370026989
978111,Salvatore1990,127,55,8,0,8,0,1355336177
374503,sperrc,126,111,5,0,0,0,1382211372
581863,pedrobv,126,63,11,0,5,0,1376116036
290680,wheelmap_visitor,126,45,9,0,9,0,1401293048
37248,reg111,125,65,12,0,4,0,1386248864
54626,mapserver,125,95,8,0,1,0,1374956425
74204,kleene,125,95,4,0,3,0,1260788697
70696,xybot,124,85,11,0,1,0,1332797133
1992648,Xnusa,123,123,0,0,0,0,1395330119
64392,SldrHartman,123,24,11,0,11,0,1385719277
554234,TheHammer,120,60,12,0,4,0,1402922742
225704,pazzosub74,120,93,9,0,0,0,1392076739
704306,CPodda,119,95,4,0,2,0,1342715841
1802811,HalClem,119,104,3,0,1,0,1387277948
659172,herzilein,118,118,0,0,0,0,1341248571
118021,maggot27,117,0,13,0,13,0,1385929203
351361,dvdzero,115,97,6,0,0,0,1292370229
563247,ska-,114,51,11,0,5,0,1374420576
153705,NormTeasdale,112,64,8,0,4,0,1368310314
2110716,Camiciotto,112,55,3,4,0,2,1402143536
346758,kukuk,111,3,12,0,12,0,1375942358
687019,kikkoM,111,102,3,0,0,0,1337809972
10593,Chrissi,109,91,4,0,1,0,1348476036
42045,Waldrenner,109,91,6,0,0,0,1322155397
1339712,Sylrose Charles,107,41,8,0,7,0,1373047568
190338,sarchittuorg,107,80,9,0,0,0,1331059888
4526,EdoM,105,96,3,0,0,0,1184014199
92274,adjuva,105,9,2,6,2,4,1401995793
978107,giannettoflot,103,79,4,0,2,0,1355246778
93404,carlod,102,36,13,3,0,0,1286447641
234817,Lohe,102,72,6,0,2,0,1387578739
57546,alessandra,101,98,1,0,0,0,1311758632
226425,Nicola Soranzo,100,7,31,0,0,0,1305760117
71829,MarcelloB,100,55,5,0,5,0,1346786529
640203,sergio c,99,93,2,0,0,0,1333812289
11976,Map47,99,0,11,0,11,0,1357495729
36894,rab,99,0,11,0,11,0,1385668207
40902,DrDriss,97,73,8,0,0,0,1369340996
332420,tlavaj00,96,90,2,0,0,0,1317227767
684662,Carlo L,95,26,23,0,0,0,1337454381
90689,HansJ,95,14,9,2,4,2,1389654147
249112,philou1269,94,94,0,0,0,0,1313532385
1410045,Norway77,94,94,0,0,0,0,1367495009
26599,cdavila,93,3,22,0,4,0,1401443201
415068,cosmopulito,93,69,8,0,0,0,1371448890
224610,stangoodman,93,66,3,0,3,0,1401901056
430890,sheruinza,93,12,27,0,0,0,1302274895
631582,Joecool69,90,24,22,0,0,0,1332354697
459721,hedu,89,86,1,0,0,0,1316368060
40653,gps_maus,88,73,5,0,0,0,1242771736
333474,burn,86,71,3,0,1,0,1313864447
1208608,navox,86,83,1,0,0,0,1361308268
759888,focagialla,84,45,5,0,4,0,1343255864
200407,Steinquetscher,83,77,2,0,0,0,1279902695
1493527,Bingio,82,82,0,0,0,0,1369750675
335006,ikko,81,78,1,0,0,0,1301839426
181135,Manu1400,81,6,13,0,6,0,1388115407
35705,Merio,81,72,3,0,0,0,1211151502
574805,Baruminese,79,67,2,0,1,0,1325442652
259436,reality,78,21,9,0,5,0,1307447053
918434,Tomcat__,77,35,8,0,3,0,1348605453
384084,Kostik,77,14,19,0,1,0,1398498773
400505,clod#6,77,77,0,0,0,0,1298640114
193512,Pyknite,77,65,4,0,0,0,1307836755
219191,ernie 0815,76,76,0,0,0,0,1285270112
1345567,PièBallo,76,58,6,0,0,0,1365588257
1402274,gop82,76,64,4,0,0,0,1367851436
2122301,riccardodem,75,48,3,0,3,0,1402667022
2091514,Tabibujua,75,57,2,0,2,0,1401294535
1948101,carlocarlocarlo,75,54,5,0,1,0,1393031742
28559,Stemby,73,52,7,0,0,0,1340752000
183753,Menz,73,55,6,0,0,0,1401899540
1964909,Ciampolino,72,63,3,0,0,0,1393942432
252933,Eric Jul,71,56,5,0,0,0,1317627148
18015,chan,70,31,5,0,4,0,1379932284
437598,dmgroom_ct,70,16,5,1,4,1,1398532395
1131234,ROBono,70,34,4,0,4,0,1355325821
1722302,Michele Muggiri,70,16,6,0,6,0,1378798881
632014,Etx Txu,69,63,2,0,0,0,1346239680
11884,mic_mas,69,69,0,0,0,0,1218391055
1726376,Massimiliano Sarigu,69,33,4,0,4,0,1377597327
49225,gvf,69,60,3,0,0,0,1310602150
95382,Mayeul,68,26,14,0,0,0,1312413551
394902,Frax,68,5,21,0,0,0,1294915482
125532,spargher,68,68,0,0,0,0,1247558912
1020623,hydrogen2oxygen,66,30,4,0,4,0,1351812421
77918,biker33,66,27,9,0,2,0,1373195685
355089,pmu48,65,47,6,0,0,0,1307567969
1489807,dsc_ch,65,65,0,0,0,0,1371470627
2068905,Texomer,65,59,2,0,0,0,1399716551
185304,franam,64,64,0,0,0,0,1255605067
12295,mapper_07,63,3,14,0,3,0,1400338032
330480,Carnot13,63,39,8,0,0,0,1312795094
904795,meierleu,63,21,8,0,3,0,1378410905
6270,mikes,62,62,0,0,0,0,1193265030
140115,papafelice,62,35,9,0,0,0,1313689158
1253767,olivier831,62,47,5,0,0,0,1363125076
2033555,Riccardo Mura,62,38,4,0,2,0,1397584732
978126,Andrea56,62,53,1,0,1,0,1363109398
289334,Soldier Boy,62,50,4,0,0,0,1324756459
379100,andre niko,61,61,0,0,0,0,1344426522
329877,opani,61,7,12,0,3,0,1392933827
152289,cgu66,61,4,7,0,6,0,1365507321
209905,markews,61,61,0,0,0,0,1261160981
137620,Axel2009,61,16,5,0,5,0,1297021251
2063031,da fi,61,55,2,0,0,0,1401264724
76312,scratera,60,24,4,0,4,0,1330898368
180389,zugersee,60,57,1,0,0,0,1257800178
1680279,argau,59,5,15,1,0,0,1374792464
126425,Marcella,57,21,8,0,2,0,1277050843
308224,Willhelm_Mueller,57,30,3,0,3,0,1332315650
165869,chdr,57,9,16,0,0,0,1367877323
923773,ffla,57,0,2,3,2,2,1391102789
834086,vpettenati,57,0,6,3,0,2,1398264167
1851669,mmla,56,14,6,0,4,0,1388586727
322529,frei8,54,54,0,0,0,0,1349283262
78090,Roman Fischer,53,17,8,0,2,0,1283028556
523149,TheFisch,53,23,8,0,1,0,1381100105
22727,Frankst,52,10,14,0,0,0,1351866655
1818159,dexter007,51,30,5,0,1,0,1385378335
1193517,ansis,51,18,5,0,3,0,1396931140
715173,hsal,51,39,4,0,0,0,1352577590
29755,Enrico Zini,50,50,0,0,0,0,1264957444
597338,Coruncanio,50,41,3,0,0,0,1328035529
579062,simonec,50,32,2,0,2,0,1335292188
499138,Matteo Carta,50,50,0,0,0,0,1312747776
1057653,Lysandra,49,43,2,0,0,0,1353068367
1261086,Monic,49,49,0,0,0,0,1363107361
1189070,Alchemist81,49,40,1,0,1,0,1359663009
2044642,GioVe,48,18,6,0,2,0,1398272093
235264,Pere Pujal,48,48,0,0,0,0,1288344522
708603,imbe88,47,38,1,0,1,0,1340607777
92075,Art Penteur,47,20,5,0,2,0,1397676767
1800564,mastro12,46,7,11,0,1,0,1384081758
470975,derSchade,46,19,3,0,3,0,1355474945
1496578,Bosa57,45,9,12,0,0,0,1370301549
103253,gormur,45,12,5,0,3,0,1378772359
1429684,pezz,44,32,2,0,1,0,1368564885
212882,workspace,44,44,0,0,0,0,1277129638
1377920,ag252,44,17,9,0,0,0,1366566038
663056,bosio,44,44,0,0,0,0,1373026302
1201742,nunucoli,44,14,4,0,3,0,1358343992
15720,J budissin,43,37,2,0,0,0,1359995544
14159,teich,43,43,0,0,0,0,1193797095
1987279,seneghe,43,16,7,0,1,0,1394968723
2087150,Matteo Piras,43,16,3,0,3,0,1400748940
13832,Peter14,42,9,9,0,1,0,1347810957
110263,werner2101,42,6,4,2,0,1,1346594646
1261023,cax8,41,41,0,0,0,0,1363108683
12473,mikelima,41,23,2,0,2,0,1306959504
24748,mabapla,41,5,6,0,3,0,1220107555
1682982,Paradine,40,31,3,0,0,0,1392491999
1731253,keepright! er,40,13,6,1,0,0,1387457590
455059,momphucker,40,4,12,0,0,0,1305490874
1509867,HolgiM,40,7,3,2,1,0,1398789704
10353,gorn,39,18,5,0,1,0,1380674654
145231,woodpeck_repair,39,6,7,0,2,0,1396299155
1863165,Thoposannia,39,39,0,0,0,0,1388573281
716694,ClaudiaMocci,39,39,0,0,0,0,1378229650
307940,lolipop500,38,35,1,0,0,0,1307919646
595470,Asso Khorakhané,38,20,2,0,2,0,1367949154
1708547,WildSwan,37,13,1,1,1,1,1402868676
715162,sRossi,37,25,2,0,1,0,1343505835
878249,nahadra,36,27,1,0,1,0,1347625634
67862,HolgerJeromin,36,0,3,1,3,0,1365971113
39457,Markus59,35,8,3,0,3,0,1402423776
1704702,huembert,34,31,1,0,0,0,1375650262
123355,AE_LOCHAU,34,31,1,0,0,0,1288080442
1467678,oettam1,34,22,2,0,1,0,1369075028
1741887,Romosei,34,10,6,0,1,0,1379257998
31231,Andre68,33,18,3,0,1,0,1399995264
417738,MyCallisto,33,30,1,0,0,0,1383671400
136835,user_136835,33,33,0,0,0,0,1246207095
1795000,alfiere,33,12,7,0,0,0,1388508712
1255025,Peppolooo,33,6,9,0,0,0,1362913575
1084777,cafarel,33,0,11,0,0,0,1353925503
978102,farinajes,33,33,0,0,0,0,1350578043
125576,eulenmark,33,21,2,0,1,0,1243372222
525241,Gerald Jenewein,33,27,2,0,0,0,1316550024
672017,jonahtheprophet,32,23,3,0,0,0,1336293904
1704751,torebue,32,20,4,0,0,0,1375712239
781975,MMarco82,32,26,2,0,0,0,1344116181
1960584,sal65,32,20,2,0,1,0,1400077154
490869,okuw,32,23,1,0,1,0,1350669464
1967191,adolfo vargiu,32,8,4,0,2,0,1393930144
1626329,Mario_Loi,31,28,1,0,0,0,1373358885
106914,Hobgoblin,31,13,3,1,0,0,1402526807
697607,gmx1,31,10,5,0,1,0,1402758512
714898,Md Alamgir,31,22,1,0,1,0,1402053346
1363315,cadet junior,31,10,3,0,2,0,1373045561
1812595,Alberto Cottica,30,12,2,0,2,0,1385034013
245286,juergiwuergi,30,21,3,0,0,0,1277035455
416060,listoflights,30,30,0,0,0,0,1308225990
2102000,Gerhardo,30,15,5,0,0,0,1402749627
1828704,ZoranR,30,12,2,0,2,0,1389646334
202523,gpsvivi,29,26,1,0,0,0,1343576112
339414,Kartograph,29,29,0,0,0,0,1361560974
996303,ImreSamu,29,29,0,0,0,0,1381600230
1977465,Gigi49,29,8,4,1,0,0,1394791321
1400697,SiEM,29,14,3,0,1,0,1367232936
6533,speleo,28,13,3,0,1,0,1366875792
180303,Teetasse,28,28,0,0,0,0,1270824736
17878,Plenz,28,19,3,0,0,0,1358037938
1022673,Pnale,28,7,7,0,0,0,1351944067
448500,Niels Gisbertz,28,28,0,0,0,0,1305832874
84808,inselralf1,27,24,1,0,0,0,1235000791
324185,kimh1,27,27,0,0,0,0,1314348694
903436,Andrea Zep Planu,27,9,6,0,0,0,1370529574
84001,eedfre,27,12,3,0,1,0,1395867559
300459,didier2020,27,9,2,0,2,0,1379427449
186480,bioia81,27,0,7,0,1,0,1287963263
2037159,Christian73,26,8,2,0,2,0,1398692122
250677,radrige,26,26,0,0,0,0,1305921722
30504,Matteo Zandi,26,23,1,0,0,0,1280475670
76002,salix01,26,14,4,0,0,0,1395158659
1126002,lilmap,26,14,4,0,0,0,1355230667
1239948,giuliano urgeghe,26,8,2,0,2,0,1361782439
84054,fredjunod,25,16,1,0,1,0,1401865226
1211443,lavinia88,24,21,1,0,0,0,1359391298
134523,peter_s,24,12,2,0,1,0,1276435789
642621,Baginov,24,24,0,0,0,0,1333021910
60165,maxs88,24,24,0,0,0,0,1343298339
104573,Christophe Delaere,24,24,0,0,0,0,1279312854
1754000,BJFreaker,23,14,1,0,1,0,1379964535
618519,lollex,23,2,5,0,1,0,1350120700
1768218,SamuLele92,22,7,5,0,0,0,1381228654
500828,EvgenyK,22,19,1,0,0,0,1312459300
1380,markusN,22,19,1,0,0,0,1250597268
8764,egore911,22,10,4,0,0,0,1402430654
5359,user_5359,22,1,3,0,2,0,1356517671
67931,theonlytruth,22,4,6,0,0,0,1402841931
1813794,agriturismo su boschettu,22,22,0,0,0,0,1385027226
78172,FabC,22,1,7,0,0,0,1400778006
42613,MarcusLS,22,4,6,0,0,0,1402578810
531434,mooora,21,21,0,0,0,0,1317662228
90148,Luigi62,21,0,7,0,0,0,1284638951
251543,ChrissW-R1,21,3,2,0,2,0,1400447201
1888450,Matteo_123,21,0,3,0,2,0,1389886108
459072,WolfFisch,21,15,2,0,0,0,1313750787
116373,Sting83,21,21,0,0,0,0,1254993028
7203,ToffeHoff,21,3,6,0,0,0,1350424240
26299,uboot,20,2,4,0,1,0,1350485754
247611,SzPaula,20,20,0,0,0,0,1299758853
228293,Harlok,20,20,0,0,0,0,1287090872
1782308,Amos Cardia,20,14,2,0,0,0,1383121788
999797,Rivat Sophie,20,20,0,0,0,0,1351023051
97211,meils,20,14,2,0,0,0,1248861227
1227192,ECOMUSEO DEL PAESAGGIO RURALE,20,20,0,0,0,0,1363022468
33292,JoWalker,19,16,1,0,0,0,1284301466
1916004,bitonwave,19,19,0,0,0,0,1391431114
839589,systemystapazzo,19,13,2,0,0,0,1346168043
204045,Toliman,19,13,2,0,0,0,1390409501
562239,gspinoza,19,1,6,0,0,0,1391766466
178973,Casus,18,12,2,0,0,0,1261112855
978130,sattaveronica,18,9,1,0,1,0,1358502253
1617449,aceman444,18,0,2,0,2,0,1377197585
1898048,Pigiosu1,18,3,3,0,1,0,1390411935
236651,Sanjak,18,0,2,0,2,0,1392066761
683102,NonnEmilia,18,0,1,1,1,0,1392367873
79386,philippekerla,18,0,2,0,2,0,1383488302
2086383,tarke,18,0,2,0,2,0,1400697550
605986,Paolo Pinna,17,8,1,0,1,0,1329415486
700280,01099,17,5,4,0,0,0,1353016007
443360,g_i_o,17,14,1,0,0,0,1362156616
591335,verdemare sardegna due villette,16,7,1,0,1,0,1327151667
59829,MartyB,16,16,0,0,0,0,1218999199
1072794,Anna Pintus,16,4,4,0,0,0,1354626253
1238552,fpmicozzi,16,7,1,0,1,0,1361631601
1432420,trumpappa,16,7,1,0,1,0,1368100294
577047,Pizzamann,16,4,2,0,1,0,1382788913
698476,Fabio Mura,16,1,5,0,0,0,1379933118
1808484,SMassimiliano,16,7,3,0,0,0,1384637823
978970,sanna fausto,15,6,1,0,1,0,1355320363
1726781,bicyclable,15,0,5,0,0,0,1399320024
71631,andrewsh,15,0,5,0,0,0,1379963514
2087193,stcolombu,15,0,0,1,0,1,1400746904
1809896,cristiano79,15,0,3,0,1,0,1384773415
87483,Feilipu,15,0,0,1,0,1,1394301866
1943167,knts,15,9,2,0,0,0,1392819975
1002353,Francio1107,14,14,0,0,0,0,1395651901
1257484,NETTINGFLY,14,5,3,0,0,0,1362864204
1964527,Luciano68,14,2,4,0,0,0,1401877274
22143,sbittante,14,14,0,0,0,0,1286732279
661440,Ra_Fi,14,5,1,0,1,0,1400492930
634993,emilianogiuseppelucio,13,4,1,0,1,0,1332421992
461969,Stas500,13,4,1,0,1,0,1345827335
318551,Gianluca1996,13,13,0,0,0,0,1279046539
1765404,ASlink,13,10,1,0,0,0,1380954271
1205605,30044683,13,4,3,0,0,0,1359278887
12480,tosky,13,1,4,0,0,0,1400496892
134667,defaste,12,9,1,0,0,0,1335618120
42896,Nufringer,12,9,1,0,0,0,1339357790
618377,Maskulinum,12,3,3,0,0,0,1402656768
1645114,Fante72,12,0,4,0,0,0,1373879172
19192,cbm,12,12,0,0,0,0,1257939936
1554107,jgpacker,12,3,1,0,1,0,1398973679
1726442,Giampo,12,9,1,0,0,0,1383818471
81394,olistr,12,12,0,0,0,0,1249369832
11068,windu2b,12,0,1,1,0,0,1346839294
100812,Zkir,12,0,4,0,0,0,1362604231
1259419,Luensu,12,0,2,0,1,0,1362958988
297482,don-vip,11,2,1,0,1,0,1307143004
980924,payne89,11,11,0,0,0,0,1355322563
1802041,Lorenzo Pinducciu,11,5,2,0,0,0,1384182442
981031,Maxtrend,11,2,3,0,0,0,1350395991
9176,Maarten Deen,11,11,0,0,0,0,1277392933
60553,meli,11,11,0,0,0,0,1319634229
178186,mdk,11,5,2,0,0,0,1336081512
1248414,mpili,11,8,1,0,0,0,1362481334
1766495,antmor81,11,2,3,0,0,0,1386086407
428849,bite,10,1,1,0,1,0,1301388325
657767,Captain2,10,10,0,0,0,0,1334353430
456952,Napiri,10,1,3,0,0,0,1305872711
638094,Roberto Crnjar,10,7,1,0,0,0,1332612811
293774,Oli-Wan,10,1,1,0,1,0,1383683566
1486839,ypid,10,1,1,0,1,0,1388444842
25504,Head,10,1,1,0,1,0,1326978484
1782246,ollastrino,10,7,1,0,0,0,1382443713
1503734,gfollesa,10,1,3,0,0,0,1370003634
625660,eiena,10,4,2,0,0,0,1332421409
343700,branderd,10,1,1,0,1,0,1391868243
221276,B-Joe,10,10,0,0,0,0,1263986295
1241561,patrizialoi,10,1,1,0,1,0,1363716186
333873,Otourly,10,1,1,0,1,0,1336834169
1915697,Hilton Worldwide,9,0,1,0,1,0,1402996733
865671,giamp,9,6,1,0,0,0,1347017014
183561,EtienneChoveBot,9,0,0,1,0,0,1272028374
712817,Yuri Crispi,9,0,0,1,0,0,1376057516
23325,Bodenseepeter,9,9,0,0,0,0,1275049067
36694,neufeind,9,0,1,0,1,0,1217683788
212897,richtest,9,3,2,0,0,0,1302685110
852112,Mesana,9,0,3,0,0,0,1370169894
360392,maxerickson,9,0,1,0,1,0,1383682803
17497,katpatuka,9,0,0,1,0,0,1402598140
2081617,GiadaP,9,3,2,0,0,0,1400483269
1443372,gado90,9,3,2,0,0,0,1368440058
1349754,podalirio,9,0,1,0,1,0,1399712158
118678,gbassiere,9,0,0,1,0,0,1373363253
179581,Geofreund1,9,0,0,1,0,0,1397457623
978105,Casindo,9,9,0,0,0,0,1350294851
1515627,AlbertCohen,9,3,2,0,0,0,1399980144
680121,j3d,9,0,1,0,1,0,1369610247
4499,Jochen Topf,9,0,1,0,1,0,1339591953
18069,Claudius Henrichs,9,0,0,1,0,0,1390675439
978136,MartaP,9,6,1,0,0,0,1355328995
77114,LLAQWA,9,0,0,1,0,0,1402408214
1716320,alesarrett,9,0,1,0,1,0,1401180705
203759,ginogino,9,0,1,0,1,0,1380194461
2090585,Warm Wasser,9,0,0,1,0,0,1401512989
1788496,GiovanGiuseppe,9,0,0,1,0,0,1400089266
76694,Willibald,9,9,0,0,0,0,1227277795
1471158,Andrea Fenu,8,8,0,0,0,0,1369134313
25853,Freddi,8,8,0,0,0,0,1235994462
352368,zehpunktbarron,8,5,1,0,0,0,1363800400
147237,downhill,8,2,2,0,0,0,1399577248
905646,Desmond11,8,2,2,0,0,0,1348252164
5547,voda,8,8,0,0,0,0,1221640444
978098,mauromarongiu81,8,8,0,0,0,0,1359218505
67602,Nop,8,8,0,0,0,0,1284204082
28794,csdf,8,5,1,0,0,0,1264418481
110639,aighes,8,2,2,0,0,0,1290614346
179558,s-jordan,8,8,0,0,0,0,1380984178
1198044,aferpio,7,1,2,0,0,0,1358079127
666909,Stefano Fraccaro,7,1,2,0,0,0,1338580952
437978,OSM edit,7,7,0,0,0,0,1371669469
1269801,luisalux,7,7,0,0,0,0,1363275303
981179,gpsax79,7,7,0,0,0,0,1355332292
199950,paulemeister,7,1,2,0,0,0,1307095776
1955961,aleHC,7,7,0,0,0,0,1393440078
1983514,IngMicheleLosito,7,4,1,0,0,0,1394769764
740021,efisio73,7,4,1,0,0,0,1342627337
324775,LonlyPlanetBiker,7,7,0,0,0,0,1280258264
1987260,joyartgrafica,6,6,0,0,0,0,1394966243
692222,Lucaco,6,0,2,0,0,0,1366717657
1255547,alfredo@65,6,0,2,0,0,0,1393800902
626829,Roberto VIZILIO,6,0,2,0,0,0,1331626353
1900764,enricosecci,6,6,0,0,0,0,1390554317
22347,cartinus,6,0,2,0,0,0,1400870861
524701,fcole90,6,0,2,0,0,0,1316463824
1705191,falkon8419,6,3,1,0,0,0,1375698983
1196605,dedalo88,6,3,1,0,0,0,1377069473
170997,Paoletto,6,3,1,0,0,0,1372760099
2070256,Ciataccis,6,0,2,0,0,0,1400806429
274682,rahra,6,6,0,0,0,0,1311347113
51987,pronti,6,0,2,0,0,0,1337415229
35313,ElDiabolo,6,0,2,0,0,0,1220100376
1555901,pugna74,6,0,2,0,0,0,1373351761
1547572,Efix,6,0,2,0,0,0,1371202394
602884,jwatson,6,0,2,0,0,0,1350401287
988052,Louising,6,3,1,0,0,0,1350643174
372946,thecowweb,6,6,0,0,0,0,1290176408
38239,Daeron,6,0,2,0,0,0,1264017101
582806,bodrangia2,6,6,0,0,0,0,1326132747
1260804,archpinna,5,5,0,0,0,0,1363015181
1213785,Tennic,5,5,0,0,0,0,1359389833
363455,hesediel,5,5,0,0,0,0,1288108493
543394,felisopus,5,2,1,0,0,0,1319545453
1496865,mauropili,5,5,0,0,0,0,1370003144
813522,ciskixe,5,2,1,0,0,0,1345219408
1478857,snowhow,5,5,0,0,0,0,1372349528
665209,claudiop,5,2,1,0,0,0,1366111168
706523,ghanarider,5,5,0,0,0,0,1399707811
329909,pippomu,5,5,0,0,0,0,1281138848
1818339,csalvaterra,4,4,0,0,0,0,1385390343
2050131,meigamalab,4,1,1,0,0,0,1398608138
1799075,gatzu,4,1,1,0,0,0,1383897099
214969,AndrewBuck,4,1,1,0,0,0,1351865884
412033,marodero,4,4,0,0,0,0,1298310437
1420651,StefMocci,4,1,1,0,0,0,1378828394
397827,Francesco Angelo Brisa,4,4,0,0,0,0,1378108321
486375,jamesdefaoite,4,4,0,0,0,0,1312634315
663405,stexyn,4,1,1,0,0,0,1334845736
1377908,Enrico Vandano,4,1,1,0,0,0,1366924824
782726,JFMd,3,3,0,0,0,0,1375988189
190389,HHCacher,3,3,0,0,0,0,1349123923
380987,wbaer,3,3,0,0,0,0,1291756664
2047559,Fabio Porcedda,3,0,1,0,0,0,1400050088
2758,Stefan de Konink,3,0,1,0,0,0,1227799213
166129,BugBuster,3,0,1,0,0,0,1349646218
90647,SIEMI,3,0,1,0,0,0,1318763505
1809296,Chèntze Nòmene,3,0,1,0,0,0,1384713975
62775,hal9,3,3,0,0,0,0,1380573377
188252,hola171,3,0,1,0,0,0,1256035888
49351,Dieter Schmeer,3,0,1,0,0,0,1303994863
110046,freietonne-db,3,3,0,0,0,0,1356124650
715076,Villa Peonia - Casa Vacanze,3,3,0,0,0,0,1340993766
544965,Salvatore Manca,3,0,1,0,0,0,1319827060
293848,pilerus,3,0,1,0,0,0,1275046108
368215,wandsecacher,3,0,1,0,0,0,1389823842
155453,CafeNinja,3,3,0,0,0,0,1249855967
213831,Josef73,3,3,0,0,0,0,1386505697
391715,svetj,3,3,0,0,0,0,1294216019
708984,mulars,3,3,0,0,0,0,1340382109
170106,sanchi,3,0,1,0,0,0,1263589614
167948,LMB,3,3,0,0,0,0,1387915390
26687,Rouni,3,0,1,0,0,0,1356006015
595551,pssaba,3,3,0,0,0,0,1327776144
118857,mapper21,3,0,1,0,0,0,1245695371
197307,Duck1974,3,3,0,0,0,0,1258314342
999241,Maoska,3,0,1,0,0,0,1351005015
392997,Timmo,3,3,0,0,0,0,1359504126
28617,Vincy,3,0,1,0,0,0,1274907304
403512,gspeed,3,0,1,0,0,0,1372920564
6975,ulfl,3,0,1,0,0,0,1227728829
879348,rtbbtr,3,0,1,0,0,0,1347813237
128017,wmann,3,3,0,0,0,0,1388838022
583520,xnav,3,3,0,0,0,0,1326230752
1846322,Sandro Mezzolani,3,3,0,0,0,0,1387819653
497567,Glenn Plas,3,0,1,0,0,0,1375155094
1641845,jazzjimjack,3,0,1,0,0,0,1373733958
1723192,mattux,3,0,1,0,0,0,1377304814
1231164,Raffaele Aledda,3,3,0,0,0,0,1360942375
224440,Syl,3,3,0,0,0,0,1377328084
204153,mfvl,3,0,1,0,0,0,1289260642
492053,BosaB&B,3,3,0,0,0,0,1311081221
319469,Stefan Grewe,2,2,0,0,0,0,1396384761
231933,Chromkopf,2,2,0,0,0,0,1381441690
885826,Andrea Corda,2,2,0,0,0,0,1347692348
625888,popski,2,2,0,0,0,0,1331564531
1529694,VadimZ,2,2,0,0,0,0,1374212331
457861,Massimo1312,2,2,0,0,0,0,1309003183
787904,incredibilehulk,2,2,0,0,0,0,1394820712
8473,fparri,2,2,0,0,0,0,1378220296
299802,skixx*1,2,2,0,0,0,0,1275841657
91842,CharlesNepote,2,2,0,0,0,0,1362137364
1202239,sannsalva,2,2,0,0,0,0,1358373189
663102,infanzialieta,2,2,0,0,0,0,1334825324
41362,Eriks Zelenka,2,2,0,0,0,0,1339968885
310881,laboratorioOpenSource,2,2,0,0,0,0,1277727169
51045,Geogast,2,2,0,0,0,0,1377704953
1086836,Frenz89,2,2,0,0,0,0,1355080653
1245286,Andrej-2,2,2,0,0,0,0,1373179860
1008428,markosà,2,2,0,0,0,0,1358279149
737291,Janx80,2,2,0,0,0,0,1342448026
230591,Laurin Seakayak,2,2,0,0,0,0,1267785623
495302,Relais Fenicottero Rosa,2,2,0,0,0,0,1311603632
65571,tikey,2,2,0,0,0,0,1299416374
584109,marcoalioli,2,2,0,0,0,0,1326470936
1732882,GiovanniCossu,2,2,0,0,0,0,1382431507
1837437,Mercury Boutique Hotel,2,2,0,0,0,0,1386694860
78721,XisT,2,2,0,0,0,0,1350420916
158826,cquest,2,2,0,0,0,0,1337941074
298934,japs,2,2,0,0,0,0,1275739998
308545,OK1CLD,2,2,0,0,0,0,1282056912
383309,AtonX,2,2,0,0,0,0,1296177689
1228338,loietto,1,1,0,0,0,0,1360692384
841840,culurgiones,1,1,0,0,0,0,1346239883
39504,malenki,1,1,0,0,0,0,1384604119
978112,nadiap91,1,1,0,0,0,0,1350294672
329453,Biff,1,1,0,0,0,0,1388726524
20610,napo,1,1,0,0,0,0,1311749288
1581509,stefanoruster,1,1,0,0,0,0,1386754828
1807518,Niklas86,1,1,0,0,0,0,1396859511
235347,endulla,1,1,0,0,0,0,1369231461
1224707,PawelAW,1,1,0,0,0,0,1366807640
108044,tfsm,1,1,0,0,0,0,1289311625
272289,lucasaba,1,1,0,0,0,0,1341862425
292705,ellusu,1,1,0,0,0,0,1274859722
683319,giacomop,1,1,0,0,0,0,1337433249
2030441,Kastrum,1,1,0,0,0,0,1397403669
715563,vecchioc,1,1,0,0,0,0,1341501326
42191,Jano John Akim Franke,1,1,0,0,0,0,1355747839
74847,Marc Mongenet,1,1,0,0,0,0,1397766185
13591,lucadelu,1,1,0,0,0,0,1359916478
70742,Ezhick,1,1,0,0,0,0,1308896594
1998461,Francesco Piras,1,1,0,0,0,0,1395569196
396743,choess,1,1,0,0,0,0,1352672858
2111311,Spillaus,1,1,0,0,0,0,1402169486
497257,rogmanz,1,1,0,0,0,0,1311871103
8287,migurski,1,1,0,0,0,0,1325473094
989577,zimbardo,1,1,0,0,0,0,1367149079
611801,castellodella,1,1,0,0,0,0,1330391631
219843,mides,1,1,0,0,0,0,1400095924
539558,settlers90,1,1,0,0,0,0,1318944838
354147,rcast,1,1,0,0,0,0,1286060008
908597,Monica Agriturismo,1,1,0,0,0,0,1348327271
644995,Rendering,1,1,0,0,0,0,1398532920
1769464,etio,1,1,0,0,0,0,1381302226
1714220,luschi,1,1,0,0,0,0,1376934268
860575,MarcelHerault,1,1,0,0,0,0,1365610659
49642,realadry,1,1,0,0,0,0,1225061802
1228349,John Messina,1,1,0,0,0,0,1360752702
761882,m4n0l0,1,1,0,0,0,0,1349527550
394224,Tzafrir Cohen,1,1,0,0,0,0,1397740926
508396,edizionisime,1,1,0,0,0,0,1313689458
1177145,longuemares,1,1,0,0,0,0,1357630504
1240942,dan980,1,1,0,0,0,0,1388229001
321303,funebre,1,1,0,0,0,0,1339583296
2098,Andy Street,1,1,0,0,0,0,1209315275
28773,Joan Montané,1,1,0,0,0,0,1363086340
704753,Zcor,1,1,0,0,0,0,1382539629
1068293,x0c0,1,1,0,0,0,0,1398942039
58071,eMDe,1,1,0,0,0,0,1317672542
563439,peroni,1,1,0,0,0,0,1322820917
1960024,BuganiniQ,1,1,0,0,0,0,1399942177
84263,Robert Whittaker,1,1,0,0,0,0,1366574304
347994,sa stria,1,1,0,0,0,0,1284725752
810059,ajvollebregt,1,1,0,0,0,0,1345118725
694539,emiliano75rm,1,1,0,0,0,0,1338725617
651869,Aurimas Fišeras,1,1,0,0,0,0,1398627514
1204257,caprowsky,1,1,0,0,0,0,1358542061
484645,magodaddu,1,1,0,0,0,0,1310123760
978083,jack86,1,1,0,0,0,0,1359219420
971739,musumeci,1,1,0,0,0,0,1350053417
279609,BenoMueller,1,1,0,0,0,0,1308496787
824348,paquinho,1,1,0,0,0,0,1348052529
345715,USSEraser,1,1,0,0,0,0,1379967066
2036376,castelletto,1,1,0,0,0,0,1397751101
291341,nver,1,1,0,0,0,0,1398518086
393793,piero1964,1,1,0,0,0,0,1294681201
2035971,Villa Peonia,1,1,0,0,0,0,1397739893
612710,Pigiosu,1,1,0,0,0,0,1330530548
1960708,hnngm,1,1,0,0,0,0,1393685960
665748,sebastic,1,1,0,0,0,0,1346460652
2566,Sven S_,1,1,0,0,0,0,1175103481
1791025,Aiguarentacar,1,1,0,0,0,0,1383166894
161905,diegodeiana,1,1,0,0,0,0,1264374580
1240114,Cristian Lai,1,1,0,0,0,0,1361798506
